{
  "index": 63,
  "batch_size": 64,
  "prediction": "9",
  "votes": {
    "6": 4,
    "5": 3,
    "7": 6,
    "10": 8,
    "14": 2,
    "2": 2,
    "9": 18,
    "11": 3,
    "16": 1,
    "4": 3,
    "-1": 1,
    "-6": 1,
    "20": 1,
    "8": 2,
    "p1(1)+p2(1)=\\frac{2(4+\\sqrt{5})}{1}=2(4+\\sqrt{5})": 1,
    "\\frac{121}{16}": 1,
    "0": 1,
    "-32": 1,
    "21": 1,
    "12": 1,
    "19": 1
  },
  "is_correct": false,
  "avg_power_usage": 545.2448387096775,
  "e2e_latency_sec": 17.090783834457397,
  "inference_latency_sec": 17.0867702960968,
  "output_tps": 5618.3818437548525,
  "timestamps": {
    "api_start": 1754245530.9101338,
    "batch_done": 1754245547.9969041,
    "majority_done": 1754245548.0009177
  },
  "error": null
}