{
  "index": 42,
  "batch_size": 64,
  "prediction": "4",
  "votes": {
    "4": 53,
    "10": 1,
    "5": 1,
    "-1+5=4": 2,
    "2": 1,
    "3": 2,
    "answer": 1,
    "6": 1,
    "-11": 1
  },
  "is_correct": true,
  "avg_power_usage": 541.4383870967742,
  "e2e_latency_sec": 16.811291933059692,
  "inference_latency_sec": 16.808515071868896,
  "output_tps": 5711.390898573053,
  "timestamps": {
    "api_start": 1754245172.7768614,
    "batch_done": 1754245189.5853765,
    "majority_done": 1754245189.5881534
  },
  "error": null
}