{
  "index": 41,
  "batch_size": 64,
  "prediction": "17",
  "votes": {
    "13": 2,
    "11": 7,
    "17": 9,
    "5": 8,
    "15.5": 1,
    "8": 2,
    "\\frac{41}{3}": 1,
    "26": 2,
    "19": 1,
    "10": 2,
    "15": 5,
    "7": 1,
    "9": 1,
    "12": 4,
    "6": 2,
    "21": 1,
    "18": 2,
    "14": 2,
    "9.5": 1,
    "125": 1
  },
  "is_correct": true,
  "avg_power_usage": 543.5813333333334,
  "e2e_latency_sec": 16.822701454162598,
  "inference_latency_sec": 16.818548917770386,
  "output_tps": 5707.983516851857,
  "timestamps": {
    "api_start": 1754245155.8086379,
    "batch_done": 1754245172.6271868,
    "majority_done": 1754245172.6313393
  },
  "error": null
}