{
  "index": 44,
  "batch_size": 64,
  "prediction": "1.25",
  "votes": {
    "1.58": 2,
    "1.25": 48,
    "0.98": 1,
    "(\\frac{1}{2})^2+1^2=1^2": 1,
    "\\frac{5}{4}": 1,
    "1.56": 2,
    "1.59": 1,
    "1.80": 1,
    "1.57": 1,
    "0.88": 1,
    "1.71": 1
  },
  "is_correct": true,
  "avg_power_usage": 549.1416129032258,
  "e2e_latency_sec": 16.7006196975708,
  "inference_latency_sec": 16.695873022079468,
  "output_tps": 5749.923940667537,
  "timestamps": {
    "api_start": 1754245206.8399212,
    "batch_done": 1754245223.5357943,
    "majority_done": 1754245223.540541
  },
  "error": null
}