{
  "index": 81,
  "batch_size": 64,
  "prediction": "3",
  "votes": {
    "3": 47,
    "3t": 1,
    "1": 4,
    "\\frac{s}{3}": 1,
    "answer": 2,
    "\\frac{1}{3}": 1,
    "2": 1,
    "\\frac{200}{3}": 1,
    "6": 1,
    "3.\\overline{3}": 1
  },
  "is_correct": true,
  "avg_power_usage": 545.5866666666666,
  "e2e_latency_sec": 16.759849786758423,
  "inference_latency_sec": 16.755639791488647,
  "output_tps": 5729.414167089284,
  "timestamps": {
    "api_start": 1754245846.877981,
    "batch_done": 1754245863.6336207,
    "majority_done": 1754245863.6378307
  },
  "error": null
}