{
  "index": 72,
  "batch_size": 64,
  "prediction": "3",
  "votes": {
    "3": 52,
    "4": 2,
    "0.75": 2,
    "6": 1,
    "undefined": 1,
    "1": 1,
    "\\frac{3}{4}": 1
  },
  "is_correct": true,
  "avg_power_usage": 538.9990625,
  "e2e_latency_sec": 17.19006633758545,
  "inference_latency_sec": 17.186072826385498,
  "output_tps": 5585.918375291228,
  "timestamps": {
    "api_start": 1754245687.0535424,
    "batch_done": 1754245704.2396152,
    "majority_done": 1754245704.2436087
  },
  "error": null
}