{
  "index": 60,
  "batch_size": 64,
  "prediction": "(3,12,1)",
  "votes": {
    "(0,0,-1)": 1,
    "1": 1,
    "(-3,6,-2)": 1,
    "(12,-32,9)": 1,
    "(3,9,-1)": 1,
    "(3,12,1)": 2,
    "(23,18,-23)": 1,
    "(0,15,-3)": 1,
    "(0,16,5)": 1,
    "(11,-9,-1)": 1,
    "(-43,3097,432)": 1,
    "(19,-30,41)": 1,
    "(9,-81,1)": 1,
    "(9,-23,71)": 1,
    "(0,12,-48)": 1,
    "(-35,28,-1)": 1,
    "(5923521,2077,-137377)": 1,
    "(1,0,13)": 1,
    "(14,11,8)": 1,
    "(-9,27,-27)": 1,
    "(240,304,369)": 1,
    "(0,12,0)": 1,
    "(0,-8,-4)": 1,
    "(-1,3,-1)": 1,
    "(0,0,16)": 1,
    "(19,47,296)": 1,
    "(11,18,37)": 1,
    "(8,6,2)": 1,
    "(-1,-1,-1)": 1,
    "(3,5,2)": 1,
    "(3,52,7)": 1,
    "(-23,77,-173)": 1,
    "(5,5,-2)": 1,
    "(6,4,121)": 1,
    "(-3,4,-1)": 1,
    "3": 1,
    "(3,8,-32)": 1,
    "(-\\frac{117}{24},-\\frac{49}{24},-\\frac{31}{24})": 1,
    "(1,-4,-17/3)": 1
  },
  "is_correct": false,
  "avg_power_usage": 554.935,
  "e2e_latency_sec": 16.64082980155945,
  "inference_latency_sec": 16.637126445770264,
  "output_tps": 5770.227227214862,
  "timestamps": {
    "api_start": 1754245478.3026483,
    "batch_done": 1754245494.9397748,
    "majority_done": 1754245494.943478
  },
  "error": null
}