{
  "index": 22,
  "batch_size": 64,
  "prediction": "5",
  "votes": {
    "5": 11,
    "4": 11,
    "3": 2,
    "14": 1,
    "19": 5,
    "64": 1,
    "7": 6,
    "\\frac{1}{11}": 1,
    "6.67": 1,
    "6": 2,
    "15": 1,
    "36": 1,
    "16": 4,
    "13": 1,
    "2": 4,
    "8": 2,
    "\\frac{28}{3}": 1,
    "-\\frac{96}{7}": 1,
    "\\frac{36}{7}": 1,
    "\\frac{48}{13}": 1
  },
  "is_correct": true,
  "avg_power_usage": 553.0975,
  "e2e_latency_sec": 17.144015550613403,
  "inference_latency_sec": 17.1401150226593,
  "output_tps": 5600.895902570526,
  "timestamps": {
    "api_start": 1754244831.1258762,
    "batch_done": 1754244848.2659912,
    "majority_done": 1754244848.2698917
  },
  "error": null
}