{
  "index": 54,
  "batch_size": 64,
  "prediction": "0.15",
  "votes": {
    "0.15": 49,
    "0.1": 1,
    "\\frac{1}{1600}": 1,
    "0.9": 1,
    "answer": 1,
    "0.8181...": 1,
    "-3,-2": 1,
    "-0.35": 1,
    "94": 1,
    "29.37": 1,
    "15": 1,
    "-6": 1,
    "1.5": 1,
    "185": 1
  },
  "is_correct": true,
  "avg_power_usage": 548.868,
  "e2e_latency_sec": 16.52550482749939,
  "inference_latency_sec": 16.521158456802368,
  "output_tps": 5810.73053993216,
  "timestamps": {
    "api_start": 1754245376.1103616,
    "batch_done": 1754245392.63152,
    "majority_done": 1754245392.6358664
  },
  "error": null
}