{
  "index": 67,
  "batch_size": 64,
  "prediction": "10",
  "votes": {
    "10": 52,
    "10%": 2,
    "100/0.9": 1,
    "40": 1,
    "\\frac{10}{100}": 1,
    "9.1": 1,
    "-10": 1,
    "20": 1,
    "0.1": 1,
    "9.09": 1
  },
  "is_correct": true,
  "avg_power_usage": 534.0928125,
  "e2e_latency_sec": 17.278322219848633,
  "inference_latency_sec": 17.27396249771118,
  "output_tps": 5557.497303396375,
  "timestamps": {
    "api_start": 1754245600.2743738,
    "batch_done": 1754245617.5483363,
    "majority_done": 1754245617.552696
  },
  "error": null
}