{
  "index": 2,
  "batch_size": 64,
  "prediction": "\\frac{14}{3}",
  "votes": {
    "undefined": 1,
    "\\frac{8}{3}": 3,
    "\\frac{14}{3}": 32,
    "\\frac{7}{3}": 2,
    "\\frac{11}{3}": 3,
    "\\frac{17}{3}": 2,
    "\\frac{4}{3}": 1,
    "\\frac{37}{6}": 1,
    "\\frac{14}{3}-1": 1,
    "\\frac{25}{6}": 1,
    "\\frac{20}{3}": 1,
    "\\frac{67}{6}": 2,
    "4": 1,
    "-4": 1,
    "\\frac{13}{3}": 1,
    "-2": 1,
    "\\frac{53}{12}": 1,
    "\\frac{49}{36}": 1,
    "-\\frac{5}{3}": 1,
    "\\frac{11}{3}+f(0)": 1,
    "\\frac{5}{3}": 1,
    "\\frac{19}{6}": 1,
    "\\frac{73}{15}": 1
  },
  "is_correct": true,
  "avg_power_usage": 538.8338709677419,
  "e2e_latency_sec": 16.697917938232422,
  "inference_latency_sec": 16.692380666732788,
  "output_tps": 5751.126931302493,
  "timestamps": {
    "api_start": 1754244486.603889,
    "batch_done": 1754244503.2962697,
    "majority_done": 1754244503.301807
  },
  "error": null
}