{
  "index": 59,
  "batch_size": 64,
  "prediction": "5",
  "votes": {
    "5": 58,
    "0": 1,
    "7": 2,
    "21": 1,
    "answer": 1,
    "6": 1
  },
  "is_correct": true,
  "avg_power_usage": 543.6367741935485,
  "e2e_latency_sec": 17.003255367279053,
  "inference_latency_sec": 16.999245166778564,
  "output_tps": 5647.309575110531,
  "timestamps": {
    "api_start": 1754245460.9466424,
    "batch_done": 1754245477.9458876,
    "majority_done": 1754245477.9498978
  },
  "error": null
}