{
  "index": 35,
  "batch_size": 64,
  "prediction": "3",
  "votes": {
    "3": 34,
    "4": 5,
    "2": 4,
    "3.": 1,
    "0": 4,
    "1": 8,
    "5": 3,
    "6": 2
  },
  "is_correct": true,
  "avg_power_usage": 545.836129032258,
  "e2e_latency_sec": 16.70140552520752,
  "inference_latency_sec": 16.69727897644043,
  "output_tps": 5749.439782101882,
  "timestamps": {
    "api_start": 1754245053.8029022,
    "batch_done": 1754245070.5001812,
    "majority_done": 1754245070.5043077
  },
  "error": null
}