{
  "index": 64,
  "batch_size": 64,
  "prediction": "1",
  "votes": {
    "\\frac{15}{16}": 2,
    "1": 10,
    "\\frac{1}{16}": 7,
    "\\frac{1}{720}": 1,
    "\\frac{1}{128}": 5,
    "(\\frac{1}{8})^6": 1,
    "-\\frac{35}{16}": 2,
    "-\\frac{35}{128}": 2,
    "\\frac{7}{64}": 1,
    "2.1875": 1,
    "\\frac{35}{128}": 4,
    "\\frac{1}{2}": 4,
    "-\\frac{7}{16}": 1,
    "\\frac{1}{8}": 2,
    "0": 2,
    "\\frac{7}{16}": 2,
    "\\frac{21}{2}": 1,
    "64": 1,
    "-\\frac{7}{64}": 1,
    "\\frac{35}{16}": 2,
    "\\frac{21}{128}": 1
  },
  "is_correct": false,
  "avg_power_usage": 535.2135483870968,
  "e2e_latency_sec": 17.420536994934082,
  "inference_latency_sec": 17.416157484054565,
  "output_tps": 5512.122871413697,
  "timestamps": {
    "api_start": 1754245548.3532987,
    "batch_done": 1754245565.7694561,
    "majority_done": 1754245565.7738357
  },
  "error": null
}