{
  "index": 45,
  "batch_size": 64,
  "prediction": "2",
  "votes": {
    "2": 48,
    "i": 1,
    "\\frac{\\sqrt{2}}{2}": 1,
    "\\frac{2\\sqrt{5}}{5}": 4,
    "4": 1,
    "18": 1,
    "1": 1,
    "\\frac{2\\sqrt{5}}{1}": 1,
    "2\\sqrt{5}/5": 1,
    "-2": 1,
    "\\frac{2}{1}": 1
  },
  "is_correct": true,
  "avg_power_usage": 549.9087096774193,
  "e2e_latency_sec": 16.643862009048462,
  "inference_latency_sec": 16.639920711517334,
  "output_tps": 5769.258259358984,
  "timestamps": {
    "api_start": 1754245223.6460693,
    "batch_done": 1754245240.28599,
    "majority_done": 1754245240.2899313
  },
  "error": null
}