{
  "index": 13,
  "batch_size": 64,
  "prediction": "5",
  "votes": {
    "5": 59,
    "36": 1,
    "5.00": 1,
    "(5)": 1
  },
  "is_correct": true,
  "avg_power_usage": 552.4946875,
  "e2e_latency_sec": 17.376622438430786,
  "inference_latency_sec": 17.37267565727234,
  "output_tps": 5525.919086609646,
  "timestamps": {
    "api_start": 1754244675.1665423,
    "batch_done": 1754244692.539218,
    "majority_done": 1754244692.5431647
  },
  "error": null
}