{
  "index": 75,
  "batch_size": 64,
  "prediction": "11/36",
  "votes": {
    "\\frac{2}{9}": 1,
    "\\frac{17}{36}": 2,
    "\\frac{5}{12}": 7,
    "\\frac{11}{36}": 16,
    "\\frac{4}{9}": 2,
    "\\frac{5}{18}": 3,
    "\\frac{13}{36}": 7,
    "\\frac{1}{3}": 5,
    "\\frac{7}{18}": 2,
    "\\frac{8}{9}": 1,
    "\\frac{1}{4}": 2,
    "\\frac{5}{6}": 4,
    "\\frac{5}{9}": 1,
    "\\frac{7}{30}": 1,
    "\\frac{1}{9}": 1,
    "1.333": 1,
    "\\frac{47}{36}": 1,
    "\\frac{5}{2}": 1,
    "\\frac{1}{36}": 1,
    "\\frac{401}{36}": 1,
    "\\frac{7}{36}": 2
  },
  "is_correct": true,
  "avg_power_usage": 524.4515625,
  "e2e_latency_sec": 17.410523891448975,
  "inference_latency_sec": 17.40637731552124,
  "output_tps": 5515.219982873573,
  "timestamps": {
    "api_start": 1754245739.3039281,
    "batch_done": 1754245756.7103055,
    "majority_done": 1754245756.714452
  },
  "error": null
}