{
  "index": 16,
  "batch_size": 64,
  "prediction": "-50",
  "votes": {
    "-50": 48,
    "-150": 1,
    "50": 2,
    "-51": 1,
    "((1+99)+(2+98)+(3+97)+...+(50-51))": 1,
    "-50000+5": 1,
    "51": 1,
    "-2500": 1,
    "0": 1,
    "-148": 1,
    "3": 1,
    "-5049": 1,
    "-125": 1,
    "-4900": 1,
    "-2550": 1
  },
  "is_correct": true,
  "avg_power_usage": 555.6554838709677,
  "e2e_latency_sec": 16.498697757720947,
  "inference_latency_sec": 16.492390632629395,
  "output_tps": 5820.866249072991,
  "timestamps": {
    "api_start": 1754244727.9039423,
    "batch_done": 1754244744.396333,
    "majority_done": 1754244744.40264
  },
  "error": null
}