{
  "index": 14,
  "batch_size": 64,
  "prediction": "4.9",
  "votes": {
    "6.23": 1,
    "10": 10,
    "6.84": 1,
    "0.7\\sqrt{2}": 1,
    "6.3": 1,
    "4.9": 15,
    "\\frac{10\\sqrt{2}}{7}": 1,
    "4.949": 1,
    "8.544": 2,
    "5.548": 1,
    "6.855": 1,
    "9.8": 2,
    "7": 2,
    "7.071": 1,
    "\\sqrt{2}": 1,
    "5": 5,
    "13.889": 1,
    "6.895": 1,
    "0.14": 1,
    "4.118": 1,
    "\\frac{7*49*sqrt{51}}{510}": 1,
    "4.9\\sqrt{5}": 1,
    "5.733": 1,
    "4.77": 1,
    "9.77": 1,
    "\\sqrt{51}": 1,
    "6.93": 1,
    "7\\cdot0.7=4.9=7": 1,
    "\\sqrt{7}": 1
  },
  "is_correct": false,
  "avg_power_usage": 551.1729032258064,
  "e2e_latency_sec": 17.028290510177612,
  "inference_latency_sec": 17.024441480636597,
  "output_tps": 5638.951510344072,
  "timestamps": {
    "api_start": 1754244692.9923108,
    "batch_done": 1754244710.0167522,
    "majority_done": 1754244710.0206013
  },
  "error": null
}