{
  "index": 52,
  "batch_size": 64,
  "prediction": "12",
  "votes": {
    "\\frac{12}{0.2}": 1,
    "12": 35,
    "\\frac{12}{5}": 2,
    "160/13=12.307692307692308": 1,
    "5\\sqrt{23}": 1,
    "\\frac{72}{7}": 1,
    "\\frac{\\sqrt{5.76}}{0.2}": 1,
    "25.98": 1,
    "12.0": 1,
    "-0.2": 1,
    "12.019945": 1,
    "36": 1,
    "9": 2,
    "7": 1,
    "12.": 1,
    "18.9": 1,
    "21.54": 1,
    "\\frac{\\sqrt{2.5^2-0.7^2}}{2.7-2.5}": 1,
    "25": 1,
    "\\frac{1}{100}": 1,
    "26.926582": 1
  },
  "is_correct": true,
  "avg_power_usage": 550.774,
  "e2e_latency_sec": 16.61861276626587,
  "inference_latency_sec": 16.614543437957764,
  "output_tps": 5778.0703007870425,
  "timestamps": {
    "api_start": 1754245342.2139473,
    "batch_done": 1754245358.8284907,
    "majority_done": 1754245358.83256
  },
  "error": null
}