{
  "index": 46,
  "batch_size": 64,
  "prediction": "12",
  "votes": {
    "12": 48,
    "24": 4,
    "6": 9,
    "8": 1,
    "1": 1,
    "10": 1
  },
  "is_correct": false,
  "avg_power_usage": 548.1419354838711,
  "e2e_latency_sec": 16.689162254333496,
  "inference_latency_sec": 16.685009717941284,
  "output_tps": 5753.667610799879,
  "timestamps": {
    "api_start": 1754245240.4164207,
    "batch_done": 1754245257.1014304,
    "majority_done": 1754245257.105583
  },
  "error": null
}