{
  "index": 30,
  "batch_size": 64,
  "prediction": "52_8",
  "votes": {
    "52_8": 47,
    "52": 2,
    "1260": 1,
    "42": 1,
    "52octal": 1,
    "52_8.": 1,
    "54_8": 1,
    "20_8": 1,
    "7": 1,
    "5": 1,
    "5200_8": 1
  },
  "is_correct": true,
  "avg_power_usage": 548.9858064516128,
  "e2e_latency_sec": 16.49856162071228,
  "inference_latency_sec": 16.492758989334106,
  "output_tps": 5820.736243225488,
  "timestamps": {
    "api_start": 1754244968.6967204,
    "batch_done": 1754244985.1894794,
    "majority_done": 1754244985.195282
  },
  "error": null
}