{
  "index": 57,
  "batch_size": 64,
  "prediction": "16",
  "votes": {
    "4": 2,
    "16": 49,
    "70": 1,
    "1024": 1,
    "96": 1,
    "1063724607.28": 1,
    "256": 3,
    "1": 1,
    "\\frac{1}{16}": 1,
    "\\sqrt{2}": 1
  },
  "is_correct": true,
  "avg_power_usage": 552.3763333333334,
  "e2e_latency_sec": 16.746585369110107,
  "inference_latency_sec": 16.741998195648193,
  "output_tps": 5734.082567572706,
  "timestamps": {
    "api_start": 1754245426.9544144,
    "batch_done": 1754245443.6964126,
    "majority_done": 1754245443.7009997
  },
  "error": null
}