{
  "index": 31,
  "batch_size": 64,
  "prediction": "11\\sqrt{2}",
  "votes": {
    "11\\sqrt{2}": 43,
    "11/\\sqrt{2}": 1,
    "\\frac{11\\sqrt{2}}{17}": 1,
    "11\u221a2": 4,
    "15.56": 1,
    "11\u221a(2)": 1,
    "15.552385273935523092815243342576969493": 1,
    "15.5502": 1,
    "11*sqrt(2)": 2,
    "15.554": 3,
    "18": 1,
    "14+sqrt(7)": 1,
    "11sqrt(2)": 1,
    "11\\sqrt{2}.": 1,
    "15.49": 1
  },
  "is_correct": true,
  "avg_power_usage": 537.851,
  "e2e_latency_sec": 16.755713939666748,
  "inference_latency_sec": 16.751792669296265,
  "output_tps": 5730.7299520220795,
  "timestamps": {
    "api_start": 1754244985.5761564,
    "batch_done": 1754245002.327949,
    "majority_done": 1754245002.3318703
  },
  "error": null
}