{
  "index": 4,
  "batch_size": 64,
  "prediction": "Angela",
  "votes": {
    "4.857": 1,
    "3.6": 10,
    "1": 2,
    "Debra": 1,
    "Evelyn": 4,
    "Angela": 11,
    "4.2941": 1,
    "5": 5,
    "4.64": 1,
    "4.86": 5,
    "Evelyn,Briana,Debra,Angela": 1,
    "4": 1,
    "1.34": 1,
    "2.86": 1,
    "1.125": 1,
    "5.71": 1,
    "5.7": 1,
    "4.2857": 1,
    "Ang": 1,
    "7.333": 1,
    "9.29": 1,
    "Debra'saveragespeedis5milesperhour": 1,
    "3.57": 2,
    "4.8571": 2,
    "4.822": 1,
    "1.6": 1,
    "10.857": 1,
    "1.8": 1,
    "5.357142857": 1,
    "2.36": 1
  },
  "is_correct": false,
  "avg_power_usage": 555.6121212121212,
  "e2e_latency_sec": 18.26790761947632,
  "inference_latency_sec": 18.26339077949524,
  "output_tps": 5256.4171220484195,
  "timestamps": {
    "api_start": 1754244520.2888317,
    "batch_done": 1754244538.5522225,
    "majority_done": 1754244538.5567393
  },
  "error": null
}