{
  "index": 5,
  "batch_size": 64,
  "prediction": "126",
  "votes": {
    "126": 38,
    "20": 1,
    "84": 1,
    "42": 21,
    "252": 1,
    "21": 2
  },
  "is_correct": false,
  "avg_power_usage": 539.2783333333333,
  "e2e_latency_sec": 16.756537437438965,
  "inference_latency_sec": 16.7522029876709,
  "output_tps": 5730.589586972712,
  "timestamps": {
    "api_start": 1754244538.9538214,
    "batch_done": 1754244555.7060244,
    "majority_done": 1754244555.7103589
  },
  "error": null
}