{
  "index": 33,
  "batch_size": 64,
  "prediction": "\\frac{243}{625}",
  "votes": {
    "\\frac{243}{78125}": 2,
    "\\frac{10947}{28125}": 1,
    "\\frac{243}{625}": 6,
    "\\frac{2177}{5593}": 1,
    "27": 1,
    "\\frac{2187}{5581}": 1,
    "\\frac{1}{2187}": 1,
    "\\frac{10903}{28205}": 1,
    "(3^10)/(5^9)": 1,
    "\\frac{27}{78125}": 1,
    "\\frac{274175}{700125}": 1,
    "\\frac{13}{125}": 1,
    "\\frac{11083}{28025}": 1,
    "\\frac{27}{125}": 1,
    "\\frac{125}{9}(\\frac{3}{5})^{n-1}": 1,
    "\\frac{54915}{140225}": 1,
    "\\frac{59049}{48828125}": 1,
    "\\frac{81}{625}": 1,
    "\\frac{546750}{1395625}": 1,
    "\\frac{2187}{15625}": 1,
    "\\frac{9765625}{19683}": 2,
    "\\frac{625}{81}": 1,
    "\\frac{3121}{80}": 1,
    "\\frac{1097}{281}": 1,
    "\\frac{81}{125}": 1,
    "\\frac{729}{15}": 1,
    "\\frac{68}{173}": 1,
    "\\frac{43144821}{55187510625}": 1,
    "\\frac{199}{5}": 1,
    "\\frac{7}{25}": 1,
    "\\frac{61}{154}": 1,
    "\\frac{243}{125}": 1,
    "\\frac{27}{\\frac{25}{5}}": 1,
    "\\frac{59031}{128}": 1,
    "\\frac{2187}{125}": 1,
    "\\frac{243}{15625}": 1,
    "\\frac{2187}{5495}": 1,
    "\\frac{243}{1}": 1,
    "\\frac{81}{25}": 1,
    "\\frac{273375}{700625}": 1,
    "\\frac{7}{5}": 1,
    "\\frac{1}{25}": 1,
    "\\frac{27}{25}": 1
  },
  "is_correct": true,
  "avg_power_usage": 544.0090322580645,
  "e2e_latency_sec": 17.031954050064087,
  "inference_latency_sec": 17.02785611152649,
  "output_tps": 5637.82071983893,
  "timestamps": {
    "api_start": 1754245019.530695,
    "batch_done": 1754245036.558551,
    "majority_done": 1754245036.562649
  },
  "error": null
}