{
  "index": 23,
  "batch_size": 64,
  "prediction": "5",
  "votes": {
    "None": 1,
    "5": 22,
    "1": 13,
    "3": 2,
    "-1": 1,
    "Novalidsolution": 1,
    "[2.73,-7.29]": 1,
    "X=4,X=5,X=6,X=7,X=8,X=9,X=10,X=11": 1,
    "1,5": 6,
    "\\{5\\}": 1,
    "-3": 1,
    "5.": 1,
    "3.": 1,
    "5i": 1,
    "5.5": 1,
    "[1,5]": 1,
    "\\{1,5\\}": 1,
    "2+\\sqrt{10}": 1,
    "7": 1,
    "4\\pm\\sqrt{21}": 1
  },
  "is_correct": true,
  "avg_power_usage": 543.303448275862,
  "e2e_latency_sec": 16.55205798149109,
  "inference_latency_sec": 16.547955751419067,
  "output_tps": 5801.320806152599,
  "timestamps": {
    "api_start": 1754244848.6568081,
    "batch_done": 1754244865.204764,
    "majority_done": 1754244865.2088661
  },
  "error": null
}