{
  "index": 62,
  "batch_size": 64,
  "prediction": "\\sqrt{13}",
  "votes": {
    "2\\sqrt{13}": 1,
    "\\sqrt{1}3": 1,
    "6": 1,
    "4": 2,
    "\\sqrt{13}": 16,
    "2": 9,
    "3": 2,
    "5": 3,
    "\\sqrt{\\frac{13}{8}}": 1,
    "\\frac{17}{\\sqrt{5}}": 1,
    "\\sqrt{21}": 1,
    "\\sqrt{17}": 2,
    "4.123105626": 1,
    "\\sqrt{26}": 1,
    "\\frac{12\\sqrt{13}}{13}": 1,
    "2.8284": 1,
    "2\\sqrt{5}": 1,
    "1": 2,
    "\\sqrt{6+2\\sqrt{37}}": 1,
    "\\sqrt{5}": 1,
    "\\sqrt{19}": 1,
    "3.272": 1,
    "\\sqrt{23}": 1
  },
  "is_correct": false,
  "avg_power_usage": 544.8478124999999,
  "e2e_latency_sec": 17.338624238967896,
  "inference_latency_sec": 17.334393978118896,
  "output_tps": 5538.122654947167,
  "timestamps": {
    "api_start": 1754245513.0268285,
    "batch_done": 1754245530.3612225,
    "majority_done": 1754245530.3654528
  },
  "error": null
}