{
  "index": 9,
  "batch_size": 64,
  "prediction": "5",
  "votes": {
    "60": 2,
    "17": 2,
    "8": 4,
    "7": 7,
    "3": 3,
    "10": 4,
    "14": 2,
    "11": 2,
    "9": 4,
    "6": 4,
    "5": 8,
    "25": 1,
    "31": 1,
    "29": 1,
    "16": 2,
    "20": 1,
    "4": 1,
    "22": 2,
    "15": 2,
    "2": 1,
    "18": 1,
    "42": 1,
    "51": 1,
    "30": 1,
    "12": 1
  },
  "is_correct": false,
  "avg_power_usage": 553.7570967741935,
  "e2e_latency_sec": 17.2080500125885,
  "inference_latency_sec": 17.204272270202637,
  "output_tps": 5580.0093425787945,
  "timestamps": {
    "api_start": 1754244606.5141943,
    "batch_done": 1754244623.7184665,
    "majority_done": 1754244623.7222443
  },
  "error": null
}