{
  "index": 70,
  "batch_size": 64,
  "prediction": "40_9",
  "votes": {
    "33_9": 1,
    "40_9": 49,
    "40": 3,
    "35_9": 1,
    "47_9": 2,
    "04_9": 1,
    "100_9": 1,
    "36": 1,
    "20_9": 1,
    "44_9": 1,
    "00_9": 1
  },
  "is_correct": true,
  "avg_power_usage": 539.4609677419355,
  "e2e_latency_sec": 16.917982816696167,
  "inference_latency_sec": 16.912840127944946,
  "output_tps": 5676.160791077306,
  "timestamps": {
    "api_start": 1754245652.7484417,
    "batch_done": 1754245669.6612818,
    "majority_done": 1754245669.6664245
  },
  "error": null
}