{
  "index": 36,
  "batch_size": 64,
  "prediction": "3,5,7",
  "votes": {
    "0.125": 1,
    "5": 2,
    "3,5,7": 6,
    "7,15,-2": 1,
    "7,\\frac{3-\\sqrt{5}}{2},\\frac{3+\\sqrt{5}}{2}": 1,
    "\\frac{9\u00b1\\sqrt{109}}{3}": 1,
    "5,13": 1,
    "6,8,9": 1,
    "1,7,3": 1,
    "3,7.": 1,
    "3,4,7": 1,
    "-10,10,15": 1,
    "(\\frac{7}{2},\\text{}-30,\\text{}1)": 1,
    "\\frac{15-\\sqrt{97}}{4}": 1,
    "3,\\frac{-3+\\sqrt{193}}{2},\\frac{-3-\\sqrt{193}}{2}": 1,
    "7": 1,
    "3,-7,5": 1,
    "21\\sqrt{[}3]{4}": 1,
    "7,\\frac{1}{2}+i\\sqrt{2},\\frac{1}{2}-i\\sqrt{2}": 1,
    "3240": 1,
    "3,5": 1,
    "3,2,13": 1,
    "-4": 1,
    "5,\\frac{2\\pmi\\sqrt{90}}{2}": 1,
    "1,3.025,-15.274": 1,
    "3,\\frac{14}{3},7": 1,
    "\\frac{29-\\sqrt{229}}{6},5,\\frac{29+\\sqrt{229}}{6}": 1,
    "[4,5,8]": 1,
    "4,\\frac{1+i\\sqrt{65}}{2},\\frac{1-i\\sqrt{65}}{2}": 1,
    "\\{3,3+\\frac{31-5\\sqrt{33}}{2},3+\\frac{31+5\\sqrt{33}}{2}\\}": 1,
    "\\frac{7}{3}": 1,
    "4": 1,
    "3": 1,
    "3+\\sqrt{3}": 1,
    "500": 1,
    "7,4+\\sqrt{7}i,4-\\sqrt{7}i": 1,
    "(2,\\3,\\7)": 1,
    "7,5": 1,
    "\\frac{8\\pm14i\\sqrt{2}}{3}": 1,
    "[sqrt(35/2),-sqrt(35/2),7/3]": 1,
    "\\frac{7}{2}": 1,
    "-3,5,7": 1,
    "\\frac{15\\pm\\sqrt{105}}{4}": 1
  },
  "is_correct": true,
  "avg_power_usage": 544.8932258064517,
  "e2e_latency_sec": 16.607131242752075,
  "inference_latency_sec": 16.602875471115112,
  "output_tps": 5782.130942740383,
  "timestamps": {
    "api_start": 1754245070.6824877,
    "batch_done": 1754245087.2853632,
    "majority_done": 1754245087.289619
  },
  "error": null
}