{
  "index": 77,
  "batch_size": 64,
  "prediction": "4",
  "votes": {
    "4": 58,
    "\\frac{57}{19},1": 1,
    "2": 2,
    "5": 1,
    "2^2": 1,
    "56.67": 1
  },
  "is_correct": true,
  "avg_power_usage": 504.3887878787879,
  "e2e_latency_sec": 18.22330331802368,
  "inference_latency_sec": 18.219333171844482,
  "output_tps": 5269.128079196391,
  "timestamps": {
    "api_start": 1754245775.6663225,
    "batch_done": 1754245793.8856556,
    "majority_done": 1754245793.8896258
  },
  "error": null
}