{
  "index": 69,
  "batch_size": 64,
  "prediction": "-1",
  "votes": {
    "-2": 5,
    "-1": 14,
    "0": 5,
    "-z^3+1": 1,
    "2": 2,
    "1": 2,
    "-4": 2,
    "-5": 1
  },
  "is_correct": true,
  "avg_power_usage": 543.8706451612902,
  "e2e_latency_sec": 17.0924711227417,
  "inference_latency_sec": 17.088125228881836,
  "output_tps": 5617.936357216278,
  "timestamps": {
    "api_start": 1754245635.2538419,
    "batch_done": 1754245652.341967,
    "majority_done": 1754245652.346313
  },
  "error": null
}