{
  "index": 51,
  "batch_size": 64,
  "prediction": "x^5 - x^4 + x^3 - x^2 + x - 1",
  "votes": {
    "x^5-x^4+x^3-x^2+x-1": 19,
    "123": 1,
    "x^5-x^4+x^3-x^2+x+\\frac{3}{x+1}": 1,
    "x^4+2x^3+x^2+x+1": 1,
    "x^5+x^4+x^3-3x^2+5x-4": 1,
    "-6": 1,
    "\\frac{x^6-3}{x+1}": 1,
    "x^2-3": 1,
    "x^5+x^4+x^3+x^2+x-3": 1,
    "x^5-x^4+x^3-x^2+(x-1)-\\frac{2}{x+1}": 1,
    "x^5-x^4+x^3-x^2+x+1": 1,
    "-3": 1,
    "x^3-x^2+x-1": 1,
    "1": 1,
    "x^6-x^5+x^4-x^3+x^2-x+1": 1,
    "x^4+2x^3+x^2-1-x": 1,
    "(x+1)(x^4-x^3+x^2-x+1)": 1,
    "x^5-x^4+x^3-x^2+x-4": 2,
    "-2.": 1,
    "(x-1)(x^2+x+1)": 1,
    "-1": 2,
    "x^5-x^4+x^3-x^2+x-1+\\frac{4}{x+1}": 1,
    "x^5-x^4+x^3-x^2+x+4": 1,
    "(x^5-1)/(x+1)": 1,
    "\\frac{(x^6-1)-3x^4(x^2-1)}{x^2+1}": 1,
    "\\frac{1}{3}": 1,
    "x^5-x^4+x^3-5": 1,
    "x^5-x^4+x^3-x^2+x-2": 1,
    "x^5+x^4-x^3+x^2-x+1": 1,
    "x^5-x^4+x^3-x^2+x": 1,
    "-2+x(x^4-x^3+x^2-x+1)": 1,
    "-2": 2
  },
  "is_correct": true,
  "avg_power_usage": 547.6233333333333,
  "e2e_latency_sec": 16.56427001953125,
  "inference_latency_sec": 16.560009956359863,
  "output_tps": 5797.097963889282,
  "timestamps": {
    "api_start": 1754245325.3940542,
    "batch_done": 1754245341.9540641,
    "majority_done": 1754245341.9583242
  },
  "error": null
}