{
  "index": 48,
  "batch_size": 64,
  "prediction": "\\frac{3}{2}",
  "votes": {
    "\\frac{1}{2}": 2,
    "\\frac{3}{2}": 39,
    "1.5": 2,
    "3": 1,
    "log4(8)": 1,
    "2": 3,
    "1": 1,
    "8^{\\frac{1}{2}}": 1,
    "4^(3/2)": 1,
    "\\frac{5}{2}": 1,
    "8": 1,
    "4^{3/2}=15/2": 1,
    "\\frac{1}{1}=4^{\\frac{1}{1}}=4^1=4^{\\frac{a}{1}}=4^{a}=4^{1}": 1,
    "(4)^{\\frac{3}{2}}": 1,
    "-\\frac{3}{2}": 1,
    "\\frac{3}{1}": 1,
    "\\frac{101}{420}": 1
  },
  "is_correct": true,
  "avg_power_usage": 551.8616129032259,
  "e2e_latency_sec": 16.53269386291504,
  "inference_latency_sec": 16.528277158737183,
  "output_tps": 5808.227867793979,
  "timestamps": {
    "api_start": 1754245274.1852791,
    "batch_done": 1754245290.7135563,
    "majority_done": 1754245290.717973
  },
  "error": null
}