{
  "index": 27,
  "batch_size": 64,
  "prediction": "78",
  "votes": {
    "78": 56,
    "114": 1,
    "77.82": 1,
    "-15": 1,
    "$78": 1,
    "63": 1,
    "37.94": 1,
    "93-15=78": 1,
    "93$-$15$=$78": 1
  },
  "is_correct": true,
  "avg_power_usage": 546.3703125,
  "e2e_latency_sec": 17.080121278762817,
  "inference_latency_sec": 17.07597041130066,
  "output_tps": 5621.935250981018,
  "timestamps": {
    "api_start": 1754244917.049738,
    "batch_done": 1754244934.1257083,
    "majority_done": 1754244934.1298592
  },
  "error": null
}