{
  "index": 8,
  "batch_size": 64,
  "prediction": "3\\sqrt{13}",
  "votes": {
    "3\\sqrt{13}": 53,
    "7.348469": 1,
    "3\\sqrt{1}3": 1,
    "\\sqrt{117}": 3,
    "8.06": 1,
    "{3\\sqrt{13}}": 1,
    "\\frac{-2(x-\\frac{1}{2})}{[1+(x-\\frac{1}{2})^{2}]^{2}}": 1
  },
  "is_correct": true,
  "avg_power_usage": 545.4848275862068,
  "e2e_latency_sec": 16.689651489257812,
  "inference_latency_sec": 16.685652256011963,
  "output_tps": 5753.446046162834,
  "timestamps": {
    "api_start": 1754244589.5508761,
    "batch_done": 1754244606.2365284,
    "majority_done": 1754244606.2405276
  },
  "error": null
}