{
  "index": 79,
  "batch_size": 64,
  "prediction": "2",
  "votes": {
    "2": 56,
    "(-\\infty,-\\frac{19}{2})\\cup[-1,\\infty)": 1,
    "11": 1,
    "\\frac{3-i\\sqrt{151}}{10}": 1,
    "20": 1,
    "1/2,-3": 1,
    "-1": 1,
    "3": 1
  },
  "is_correct": true,
  "avg_power_usage": 534.7712903225806,
  "e2e_latency_sec": 16.936400651931763,
  "inference_latency_sec": 16.932334423065186,
  "output_tps": 5669.625794139113,
  "timestamps": {
    "api_start": 1754245812.1235695,
    "batch_done": 1754245829.055904,
    "majority_done": 1754245829.0599701
  },
  "error": null
}