{
  "index": 55,
  "batch_size": 64,
  "prediction": "3",
  "votes": {
    "3": 31,
    "-3": 1,
    "4": 24,
    "5": 5,
    "2": 1
  },
  "is_correct": true,
  "avg_power_usage": 550.763,
  "e2e_latency_sec": 16.712230920791626,
  "inference_latency_sec": 16.70796036720276,
  "output_tps": 5745.764168105475,
  "timestamps": {
    "api_start": 1754245393.1290271,
    "batch_done": 1754245409.8369875,
    "majority_done": 1754245409.841258
  },
  "error": null
}