{
  "index": 66,
  "batch_size": 64,
  "prediction": "x^3 + 3x - 6",
  "votes": {
    "x^3-x^2+3x-6": 9,
    "-2": 1,
    "x^3+x^2+3x-6": 2,
    "4x-6": 1,
    "-5": 1,
    "x^2+5x-6": 1,
    "x^3+3x-6": 12,
    "-x^2+4x-6": 2,
    "3x^3+4x^2+3x-6": 1,
    "-2x^2+6x-6": 2,
    "4x^2+3x-6": 1,
    "-2x^2-6": 1,
    "2x^3+4x^2+3x-6": 1,
    "3x^2+5x-6": 1,
    "x^3-3x^2+3x+6": 1,
    "3x^3-3x^2+4x-6": 1,
    "-2x^2+5x-6": 1,
    "x^3-2x^2+3x-6": 2,
    "x^3-x^2+4x-6": 1,
    "x^3+6x-6": 1,
    "answer": 1,
    "4x^3-2x^2+3x-6": 1,
    "-2x^2+4x-6": 2,
    "3x^2+3x-6": 1,
    "6x^2-12x+6": 1,
    "x^3-x^2+5x-6": 1,
    "\\text{Let(x^2+2x-3)beapolynomial.Thentheoriginalexpressionwouldbe(thextimesthepolynomial)-(the3times(thex^2+x-2)).}": 1,
    "x^3-3x^2+9x-6": 1,
    "x^2+3x-6": 1,
    "x^2+4x-6": 1,
    "x^3+2x^2+3x-6": 1,
    "-8x^3-2x^2+x": 1,
    "x^3+6x^{2}+5x-6": 1,
    "x^3-2x^2+6x-6": 1
  },
  "is_correct": true,
  "avg_power_usage": 540.08375,
  "e2e_latency_sec": 17.153400421142578,
  "inference_latency_sec": 17.148397207260132,
  "output_tps": 5598.190830298496,
  "timestamps": {
    "api_start": 1754245582.893729,
    "batch_done": 1754245600.0421262,
    "majority_done": 1754245600.0471294
  },
  "error": null
}