{
  "index": 47,
  "batch_size": 64,
  "prediction": "5",
  "votes": {
    "7": 12,
    "5": 47,
    "3": 1,
    "0+7-2": 1,
    "16.2": 1,
    "6": 1,
    "\\frac{23}{5}": 1
  },
  "is_correct": true,
  "avg_power_usage": 548.8832258064516,
  "e2e_latency_sec": 16.70328116416931,
  "inference_latency_sec": 16.699307441711426,
  "output_tps": 5748.741397515193,
  "timestamps": {
    "api_start": 1754245257.3486538,
    "batch_done": 1754245274.0479612,
    "majority_done": 1754245274.051935
  },
  "error": null
}