{
  "index": 25,
  "batch_size": 64,
  "prediction": "1",
  "votes": {
    "0,1": 4,
    "-1": 2,
    "3": 1,
    "ALL": 1,
    "0": 3,
    "-3,-1,0": 1,
    "0,-1": 2,
    "1,2": 4,
    "-1,2,3,4,5,...": 1,
    "-1,1": 2,
    "1": 6,
    "2,-1": 1,
    "1,3": 1,
    "0,2": 3,
    "-3,2": 1,
    "2": 2,
    "1,2,5,10,17,26,37,50,65": 1,
    "\\text{Therearenovaluesof$n$forwhich$f(n)=n$.}": 1,
    "-1,0,1,2,3": 1,
    "-1,2": 1,
    "\\{0\\}": 1,
    "\\text{}": 1,
    "-4,-3,0,3,4": 1,
    "-3,-2,-1,0,1": 1,
    "0,-1,1": 1,
    "1,7,13": 1,
    "0,-1,-2": 1,
    "-1,0": 1,
    "0...,-1,0,1,2,3,4,0...": 1
  },
  "is_correct": false,
  "avg_power_usage": 541.3506451612905,
  "e2e_latency_sec": 17.001984119415283,
  "inference_latency_sec": 16.99791717529297,
  "output_tps": 5647.750780874445,
  "timestamps": {
    "api_start": 1754244882.7317476,
    "batch_done": 1754244899.7296648,
    "majority_done": 1754244899.7337317
  },
  "error": null
}