{
  "index": 11,
  "batch_size": 64,
  "prediction": "\\frac{8}{63}",
  "votes": {
    "\\frac{2}{63}": 3,
    "\\frac{8}{63}": 6,
    "\\frac{145}{112}": 1,
    "90": 1,
    "\\frac{32768}{59049}": 1,
    "1": 1,
    "-\\frac{32767}{15}": 1,
    "-276729": 1,
    "\\frac{5}{31}": 1,
    "\\frac{1}{35}": 1,
    "\\frac{131}{2520}": 1,
    "\\frac{65}{384}": 1,
    "\\frac{161799}{1328640}": 1,
    "\\frac{134}{63}": 1,
    "\\frac{8}{9}": 1,
    "\\frac{1}{7}": 3,
    "\\frac{1}{63}": 3,
    "\\frac{71}{63}": 1,
    "0.07098": 1,
    "\\frac{22097}{15120}": 1,
    "-32.5": 1,
    "-\\frac{103}{4}": 1,
    "\\frac{15}{4}": 1,
    "\\frac{31}{240}": 1,
    "530": 1,
    "\\frac{517}{8}": 1,
    "8": 1,
    "90.125": 1,
    "-\\frac{5}{84}": 1,
    "\\frac{8}{7}": 1,
    "98.85": 1,
    "\\frac{721}{8}": 1,
    "-\\frac{7066}{750}": 1,
    "\\frac{3285}{16}": 1,
    "\\frac{8}{127}": 1,
    "\\frac{127}{63}": 1,
    "3085.1429": 1
  },
  "is_correct": false,
  "avg_power_usage": 545.2141935483871,
  "e2e_latency_sec": 16.766513347625732,
  "inference_latency_sec": 16.761207580566406,
  "output_tps": 5727.51095280904,
  "timestamps": {
    "api_start": 1754244640.9270449,
    "batch_done": 1754244657.6882524,
    "majority_done": 1754244657.6935582
  },
  "error": null
}