{
  "index": 53,
  "batch_size": 64,
  "prediction": "-\\frac{\\pi}{6}",
  "votes": {
    "-\\frac{\\pi}{6}": 40,
    "0.53": 1,
    "-0.5236": 1,
    "\\pi-\\frac{\\pi}{6}": 1,
    "-\\frac{7\\pi}{6}": 1,
    "\\frac{7\\pi}{6}": 5,
    "-\\frac{52}{100}": 1,
    "30": 1,
    "-\\frac{7\\pi}{6}+2\\pin": 1,
    "\\frac{2\\pi}{3}": 1,
    "\\frac{-\\pi}{6}": 1,
    "-0.523599": 1,
    "\\frac{5\\pi}{6}": 1,
    "-\\frac{\\pi}{6}.": 1,
    "\\frac{193}{105}": 1,
    "\\frac{\\pi}{2}-\\arccos(\\frac{1}{2})": 1,
    "-30": 1,
    "\\frac{-1}{6}*pi+pi": 1,
    "-\\frac{5\\pi}{6}": 1
  },
  "is_correct": true,
  "avg_power_usage": 549.1173333333334,
  "e2e_latency_sec": 16.61539912223816,
  "inference_latency_sec": 16.6108660697937,
  "output_tps": 5779.349468994441,
  "timestamps": {
    "api_start": 1754245359.1466331,
    "batch_done": 1754245375.7574992,
    "majority_done": 1754245375.7620323
  },
  "error": null
}